{
    "loss": 13.532876014709473,
    "accuracy": 0.5467625856399536
}