{
    "loss": 2.66487193107605,
    "accuracy": 0.5179855823516846
}